<Ui xmlns='http://www.blizzard.com/wow/ui/'>
	<Script file='Achievement.lua'/>
	<Script file='Addonmanager.lua'/>
	<Script file='AdventureMap.lua'/>
	<Script file='Alerts.lua'/>
	<Script file='AlliedRaces.lua'/>
	<Script file='AnimaDiversion.lua'/>
	<Script file='Archaeology.lua'/>
	<Script file='Artifact.lua'/>
	<Script file='AuctionHouse.lua'/>
	<Script file='Azerite.lua'/>
	<Script file='AzeriteEssence.lua'/>
	<Script file='AzeriteRespec.lua'/>
	<Script file='Bags.lua'/>
	<Script file='Barber.lua'/>
	<Script file='Battlenet.lua'/>
	<Script file='BGMap.lua'/>
	<Script file='Binding.lua'/>
	<Script file='BlackMarket.lua'/>
	<Script file='Calendar.lua'/>
	<Script file='Channels.lua'/>
	<Script file='Character.lua'/>
	<Script file='ChromieTime.lua'/>
	<Script file='Collectables.lua'/>
	<Script file='CombatLog.lua' />
	<Script file='Communities.lua'/>
	<Script file='Contribution.lua'/>
	<Script file='CovenantPreview.lua'/>
	<Script file='CovenantRenown.lua'/>
	<Script file='CovenantSanctum.lua'/>
	<Script file='DeathRecap.lua'/>
	<Script file='Debug.lua'/>
	<Script file='DressingRoom.lua'/>
	<Script file='EncounterJournal.lua'/>
	<Script file='EventTrace.lua'/>
	<Script file='FlightMap.lua'/>
	<Script file='Friends.lua'/>
	<Script file='Garrison.lua'/>
	<Script file='GarrisonTooltip.lua'/>
	<Script file='GarrisonTemplate.lua'/>
	<Script file='GMChat.lua'/>
	<Script file='Gossip.lua'/>
	<Script file='Guide.lua'/>
	<Script file='Guild.lua'/>
	<Script file='GuildBank.lua'/>
	<Script file='GuildControl.lua'/>
	<Script file='GuildRegistrar.lua'/>
	<Script file='Help.lua'/>
	<Script file='Inspect.lua'/>
	<Script file='IslandPartyPose.lua'/>
	<Script file='IslandQueue.lua'/>
	<Script file='ItemInteraction.lua'/>
	<Script file='ItemUpgrade.lua'/>
	<Script file='LFG.lua'/>
	<Script file='LFGuild.lua'/>
	<Script file='Loot.lua'/>
	<Script file='LossControl.lua'/>
	<Script file='Macro.lua'/>
	<Script file='Mail.lua'/>
	<Script file='Merchant.lua'/>
	<Script file='MirrorTimers.lua'/>
	<Script file='Misc.lua'/>
	<Script file='NonRaid.lua'/>
	<Script file='ObjectiveTracker.lua'/>
	<Script file='Obliterum.lua'/>
	<Script file='Orderhall.lua'/>
	<Script file='PetBattle.lua'/>
	<Script file='Petition.lua'/>
	<Script file='PlayerChoice.lua'/>
	<Script file='PVP.lua'/>
	<Script file='PVPMatch.lua'/>
	<Script file='Quest.lua'/>
	<Script file='QuestChoice.lua'/>
	<Script file='Raid.lua'/>
	<Script file='Runeforge.lua'/>
	<Script file='ScrappingMachine.lua'/>
	<Script file='Socket.lua'/>
	<Script file='Soulbinds.lua'/>
	<Script file='SpellBook.lua'/>
	<Script file='Stable.lua'/>
	<Script file='SubscriptionInterstitial.lua'/>
	<Script file='Tabard.lua'/>
	<Script file='TalkingHead.lua'/>
	<Script file='Taxi.lua'/>
	<Script file='TimeManager.lua'/>
	<Script file='Tooltip.lua'/>
	<Script file='TorghastLevelPicker.lua'/>
	<Script file='Trade.lua'/>
	<Script file='Trainer.lua'/>
	<Script file='TutorialFrame.lua'/>
	<Script file='VoidStorage.lua'/>
	<Script file='WarfrontPartyPose.lua'/>
	<Script file='WeeklyRewards.lua'/>
	<Script file='WorldMap.lua'/>

	<!-- DF new ones -->
	<Script file='ClassTalents.lua'/>
	<Script file='EditorManager.lua'/>
	<Script file='ExpansionLandingPage.lua'/>
	<Script file='GenericTrait.lua'/>
	<Script file='MajorFaction.lua'/>
	<Script file='Professions.lua'/>
	<Script file='ProfessionsOrders.lua'/>
	<Script file='SettingsPanel.lua'/>
	<Script file='ChatConfig.lua'/>
</Ui>
